,Process Name,Process Count,Percentage of Total
0,P260,504037.0,0.0011832974009430635
1,P31078,582733.0,0.0013680472749892452
2,P472,588527.0,0.001381649500899375
3,P364,610643.0,0.0014335699061856074
4,P169,639096.0,0.0015003673058785526
5,P1097,911251.0,0.0021392892583416844
6,P11320,744212.0,0.001747141827585354
7,P31073,930118.0,0.002183582181408032
8,P31074,1215669.0,0.002853953118733452
9,P130,832813.0,0.001955145075404376
10,P100,1256838.0,0.002950603108118011
11,P153,999290.0,0.0023459731325049427
12,P124,689699.0,0.0016191649306162641
13,P4012,1141181.0,0.0026790821136257973
14,P31088,671257.0,0.0015758697545315877
15,P3623,1053226.0,0.002472595441218916
16,P41,824217.0,0.0019349647623350843
17,P152,797798.0,0.0018729424623144216
18,P107,1002581.0,0.0023536992156030162
19,P46,862806.0,0.0020255578406309076
20,P258,934553.0,0.0021939939646167697
21,P1117,930316.0,0.002184047014119493
22,P44,1339682.0,0.0031450909927053074
23,P17,3829337.0,0.00898990454953725
24,P47,2944183.0,0.006911881651150116
25,P1123,3470893.0,0.008148407092835392
26,P22,3804179.0,0.008930842623502208
27,P3732,2443065.0,0.005735437011241169
28,P131,1844129.0,0.00432935092603069
29,P25,16407463.0,0.03851881572973706
30,P31072,1439151.0,0.0033786083915756395
31,P1109,2175649.0,0.005107640524533665
32,P31071,1479876.0,0.0034742160288193462
33,P23,2980796.0,0.006997835792891156
34,P21,11260426.0,0.02643542600902651
35,P14,20477684.0,0.048074229182646026
36,P29,1503642.0,0.0035300100400344216
37,P28,1650991.0,0.0038759324400398963
38,P13,19742561.0,0.0463484250546287
39,P118,1949694.0,0.004577179538078127
40,P18,3827229.0,0.008984955724508161
41,P4,2831939.0,0.006648373151830715
42,P34,4600045.0,0.010799249445419948
43,P156,1817015.0,0.004265697016239999
44,P265,20004346.0,0.04696300198073904
45,P24,2975259.0,0.006984836910449943
46,P19,4488967.0,0.010538478294290261
47,P16,88974422.0,0.20887990822699787
48,P12,1386584.0,0.003255200001962627
49,P10,8860412.0,0.02080105724556874
